order_item_id,order_id,product_id,quantity,selling_price,unit_cost,discount_pct
1,1,15,2,772.03,653.32,0.1
2,1,7,2,2841.13,2318.63,0.05
3,1,21,3,3466.02,2679.2,0.1
4,2,21,3,3658.57,2679.2,0.05
5,2,10,3,8480.33,5504.87,0
6,3,11,2,10282.61,6707.36,0
7,3,10,1,7208.28,5504.87,0.15
8,4,18,1,3039.57,1911.48,0
9,4,1,3,16875.16,9720.81,0
10,4,12,2,7376.83,4295.88,0
11,5,24,1,798.77,559.48,0.15
12,5,28,2,2360.81,1570.6,0.05
13,6,9,3,697.98,447.76,0.1
14,6,26,3,4822.71,3619.9,0
15,6,12,2,7007.99,4295.88,0.05
16,7,20,1,4790.83,2691.55,0
17,7,14,1,1109.63,947.5,0.15
18,8,9,2,775.53,447.76,0
19,8,28,1,2112.3,1570.6,0.15
20,8,18,2,3039.57,1911.48,0
21,9,3,3,20224.08,16855.87,0.1
22,9,9,2,697.98,447.76,0.1
23,10,7,2,2841.13,2318.63,0.05
24,10,29,3,2673.62,1988.04,0.15
25,10,9,3,697.98,447.76,0.1
26,11,16,2,4117.24,2488.44,0.05
27,11,19,3,6849.57,4743.87,0
28,12,23,1,1268.75,811.63,0.05
29,12,2,2,3945.7,3285.39,0.1
30,12,24,2,892.74,559.48,0.05
31,13,6,1,8693.21,6696.16,0
32,13,1,3,16031.4,9720.81,0.05
33,14,1,2,16875.16,9720.81,0
34,15,5,1,18681.45,13430.02,0.05
35,16,19,2,6849.57,4743.87,0
36,16,13,2,591.15,456.02,0.1
37,16,13,3,558.31,456.02,0.15
38,16,17,3,4099.26,2655.66,0.1
39,17,21,3,3658.57,2679.2,0.05
40,17,3,1,20224.08,16855.87,0.1
41,17,20,3,4790.83,2691.55,0
42,17,10,3,8480.33,5504.87,0
43,18,20,2,4072.21,2691.55,0.15
44,18,15,1,814.92,653.32,0.05
45,19,25,2,2715.78,2058.16,0.1
46,19,3,3,19100.52,16855.87,0.15
47,19,14,2,1174.9,947.5,0.1
48,20,25,3,3017.53,2058.16,0
49,20,19,3,6849.57,4743.87,0
50,20,24,2,939.73,559.48,0
51,20,10,1,7208.28,5504.87,0.15
52,21,27,1,816.21,621.93,0.05
53,22,11,1,9768.48,6707.36,0.05
54,22,23,2,1335.53,811.63,0
55,22,19,1,6164.61,4743.87,0.1
56,22,17,3,4099.26,2655.66,0.1
57,23,4,2,6059.45,3360.05,0
58,24,21,3,3658.57,2679.2,0.05
59,24,5,1,18681.45,13430.02,0.05
60,24,23,2,1335.53,811.63,0
61,25,16,3,4117.24,2488.44,0.05
62,25,20,3,4790.83,2691.55,0
63,26,22,2,1524.59,1067.3,0.05
64,26,15,1,857.81,653.32,0
65,26,22,2,1604.83,1067.3,0
66,26,28,1,2485.06,1570.6,0
67,27,4,2,5453.51,3360.05,0.1
68,28,28,2,2485.06,1570.6,0
69,28,8,2,9275.43,7508.58,0.1
70,28,7,2,2990.66,2318.63,0
71,29,2,2,3726.49,3285.39,0.15
72,29,26,1,4581.57,3619.9,0.05
73,29,16,3,3900.55,2488.44,0.1
74,29,7,3,2990.66,2318.63,0
75,30,21,2,3273.46,2679.2,0.15
76,30,6,2,8693.21,6696.16,0
77,30,1,3,14343.89,9720.81,0.15
78,31,17,2,4099.26,2655.66,0.1
79,31,7,1,2990.66,2318.63,0
80,31,17,1,4554.73,2655.66,0
81,31,19,2,6849.57,4743.87,0
82,32,5,1,17698.21,13430.02,0.1
83,32,1,3,15187.64,9720.81,0.1
84,32,17,2,4554.73,2655.66,0
85,32,19,3,6507.09,4743.87,0.05
86,33,23,2,1335.53,811.63,0
87,33,27,3,816.21,621.93,0.05
88,33,2,1,3945.7,3285.39,0.1
89,33,1,3,16875.16,9720.81,0
90,34,18,2,3039.57,1911.48,0
91,34,9,2,775.53,447.76,0
92,35,19,1,5822.13,4743.87,0.15
93,35,10,3,7632.3,5504.87,0.1
94,36,24,2,939.73,559.48,0
95,36,4,3,5756.48,3360.05,0.05
96,36,21,2,3466.02,2679.2,0.1
97,36,13,2,591.15,456.02,0.1
98,37,19,2,6507.09,4743.87,0.05
99,37,14,2,1240.18,947.5,0.05
100,37,1,3,15187.64,9720.81,0.1
101,37,4,3,6059.45,3360.05,0
102,38,20,1,4551.29,2691.55,0.05
103,39,5,1,16714.98,13430.02,0.15
104,39,3,2,19100.52,16855.87,0.15
105,39,2,2,4384.11,3285.39,0
106,40,19,2,6849.57,4743.87,0
107,40,28,1,2112.3,1570.6,0.15
108,41,16,2,4333.94,2488.44,0
109,42,8,2,10306.03,7508.58,0
110,43,23,1,1335.53,811.63,0
111,44,23,1,1335.53,811.63,0
112,44,14,3,1109.63,947.5,0.15
113,45,27,2,859.17,621.93,0
114,46,28,1,2485.06,1570.6,0
115,46,3,3,22471.2,16855.87,0
116,47,25,3,2866.65,2058.16,0.05
117,47,15,1,814.92,653.32,0.05
118,47,13,1,623.99,456.02,0.05
119,48,9,3,659.2,447.76,0.15
120,49,21,3,3851.13,2679.2,0
121,49,20,1,4551.29,2691.55,0.05
122,49,21,1,3851.13,2679.2,0
123,50,30,1,3184.92,2114.6,0.15
124,50,12,1,6270.31,4295.88,0.15
125,51,7,2,2841.13,2318.63,0.05
126,51,10,3,8480.33,5504.87,0
127,52,12,2,6639.15,4295.88,0.1
128,52,21,3,3273.46,2679.2,0.15
129,52,13,1,656.83,456.02,0
130,52,30,3,3184.92,2114.6,0.15
131,53,8,1,8760.13,7508.58,0.15
132,53,4,2,5453.51,3360.05,0.1
133,53,28,3,2360.81,1570.6,0.05
134,53,20,3,4311.75,2691.55,0.1
135,54,23,3,1135.2,811.63,0.15
136,54,21,2,3466.02,2679.2,0.1
137,55,29,2,3145.44,1988.04,0
138,55,1,3,14343.89,9720.81,0.15
139,55,28,1,2360.81,1570.6,0.05
140,55,5,2,17698.21,13430.02,0.1
141,56,27,2,773.25,621.93,0.1
142,57,29,3,3145.44,1988.04,0
143,57,1,2,16875.16,9720.81,0
144,57,10,1,8480.33,5504.87,0
145,57,1,3,14343.89,9720.81,0.15
146,58,21,2,3851.13,2679.2,0
147,58,27,2,859.17,621.93,0
148,58,20,2,4072.21,2691.55,0.15
149,58,4,3,6059.45,3360.05,0
150,59,20,2,4790.83,2691.55,0
151,60,7,1,2841.13,2318.63,0.05
152,61,1,2,16031.4,9720.81,0.05
153,62,18,3,2583.63,1911.48,0.15
154,62,30,2,3184.92,2114.6,0.15
155,63,9,3,659.2,447.76,0.15
156,63,4,3,5756.48,3360.05,0.05
157,64,5,2,16714.98,13430.02,0.15
158,64,12,3,7376.83,4295.88,0
159,64,24,1,892.74,559.48,0.05
160,64,11,2,9768.48,6707.36,0.05
161,65,18,1,2735.61,1911.48,0.1
162,65,2,2,4384.11,3285.39,0
163,65,25,1,2866.65,2058.16,0.05
164,66,2,2,4164.9,3285.39,0.05
165,66,8,1,10306.03,7508.58,0
166,66,28,2,2236.55,1570.6,0.1
167,66,19,2,6164.61,4743.87,0.1
168,67,24,2,939.73,559.48,0
169,67,15,2,729.14,653.32,0.15
170,67,23,1,1268.75,811.63,0.05
171,67,22,2,1604.83,1067.3,0
172,68,21,1,3273.46,2679.2,0.15
173,68,8,2,10306.03,7508.58,0
174,68,17,1,3871.52,2655.66,0.15
175,68,1,3,16875.16,9720.81,0
176,69,8,3,10306.03,7508.58,0
177,70,16,3,4333.94,2488.44,0
178,70,30,2,3559.62,2114.6,0.05
179,70,20,1,4311.75,2691.55,0.1
180,70,30,1,3559.62,2114.6,0.05
181,71,6,1,7823.89,6696.16,0.1
182,72,30,3,3746.97,2114.6,0
183,73,10,2,8056.31,5504.87,0.05
184,73,25,2,2866.65,2058.16,0.05
185,73,2,1,4384.11,3285.39,0
186,73,14,2,1240.18,947.5,0.05
187,74,13,3,558.31,456.02,0.15
188,75,30,2,3746.97,2114.6,0
189,75,16,3,4333.94,2488.44,0
190,75,21,1,3851.13,2679.2,0
191,75,7,1,2990.66,2318.63,0
192,76,8,1,10306.03,7508.58,0
193,76,20,1,4790.83,2691.55,0
194,77,30,2,3746.97,2114.6,0
195,77,5,1,19664.68,13430.02,0
196,78,7,3,2990.66,2318.63,0
197,78,6,2,7823.89,6696.16,0.1
198,78,7,3,2542.06,2318.63,0.15
199,78,14,3,1305.45,947.5,0
200,79,15,3,772.03,653.32,0.1
201,79,28,1,2485.06,1570.6,0
202,80,24,1,845.76,559.48,0.1
203,80,30,1,3559.62,2114.6,0.05
204,80,6,1,8258.55,6696.16,0.05
205,80,7,3,2841.13,2318.63,0.05
206,81,16,2,4333.94,2488.44,0
207,81,29,2,3145.44,1988.04,0
208,81,23,1,1335.53,811.63,0
209,81,30,3,3372.27,2114.6,0.1
210,82,24,3,798.77,559.48,0.15
211,83,28,1,2485.06,1570.6,0
212,83,12,2,6639.15,4295.88,0.1
213,83,23,2,1335.53,811.63,0
214,84,1,1,16031.4,9720.81,0.05
215,85,29,1,2830.9,1988.04,0.1
216,85,16,2,3900.55,2488.44,0.1
217,85,21,3,3466.02,2679.2,0.1
218,86,20,1,4551.29,2691.55,0.05
219,86,12,3,6639.15,4295.88,0.1
220,87,5,3,18681.45,13430.02,0.05
221,87,11,1,9254.35,6707.36,0.1
222,87,15,3,729.14,653.32,0.15
223,88,27,2,773.25,621.93,0.1
224,88,3,2,21347.64,16855.87,0.05
225,88,22,3,1444.35,1067.3,0.1
226,89,30,1,3746.97,2114.6,0
227,89,3,1,22471.2,16855.87,0
228,89,16,1,3900.55,2488.44,0.1
229,89,19,2,6507.09,4743.87,0.05
230,90,21,3,3466.02,2679.2,0.1
231,90,9,1,775.53,447.76,0
232,90,6,3,7389.23,6696.16,0.15
233,90,13,2,656.83,456.02,0
234,91,10,3,7632.3,5504.87,0.1
235,91,17,3,4326.99,2655.66,0.05
236,91,26,3,4340.44,3619.9,0.1
237,92,11,2,9254.35,6707.36,0.1
238,92,1,1,14343.89,9720.81,0.15
239,92,28,3,2485.06,1570.6,0
240,93,7,1,2841.13,2318.63,0.05
241,93,8,3,10306.03,7508.58,0
242,93,8,1,9790.73,7508.58,0.05
243,93,5,3,18681.45,13430.02,0.05
244,94,28,1,2360.81,1570.6,0.05
245,94,4,1,5453.51,3360.05,0.1
246,95,26,2,4822.71,3619.9,0
247,95,9,3,697.98,447.76,0.1
248,96,23,3,1335.53,811.63,0
249,96,10,2,7208.28,5504.87,0.15
250,96,16,1,3900.55,2488.44,0.1
251,96,11,3,8740.22,6707.36,0.15
252,97,16,2,4333.94,2488.44,0
253,97,5,2,18681.45,13430.02,0.05
254,97,19,3,6849.57,4743.87,0
255,97,22,1,1444.35,1067.3,0.1
256,98,19,1,6507.09,4743.87,0.05
257,99,14,2,1240.18,947.5,0.05
258,100,15,3,857.81,653.32,0
259,101,15,2,857.81,653.32,0
260,102,23,3,1335.53,811.63,0
261,102,11,2,8740.22,6707.36,0.15
262,102,14,1,1305.45,947.5,0
263,102,15,2,729.14,653.32,0.15
264,103,23,3,1335.53,811.63,0
265,103,4,1,6059.45,3360.05,0
266,103,8,3,8760.13,7508.58,0.15
267,104,19,3,6849.57,4743.87,0
268,104,7,1,2691.59,2318.63,0.1
269,104,8,3,10306.03,7508.58,0
270,104,11,3,9254.35,6707.36,0.1
271,105,22,2,1364.11,1067.3,0.15
272,106,12,2,7376.83,4295.88,0
273,106,25,1,2564.9,2058.16,0.15
274,107,5,2,19664.68,13430.02,0
275,107,12,3,7007.99,4295.88,0.05
276,107,15,2,857.81,653.32,0
277,107,20,2,4551.29,2691.55,0.05
278,108,5,2,19664.68,13430.02,0
279,108,28,3,2485.06,1570.6,0
280,108,15,1,814.92,653.32,0.05
281,108,26,2,4340.44,3619.9,0.1
282,109,29,3,3145.44,1988.04,0
283,109,10,3,7208.28,5504.87,0.15
284,109,3,2,21347.64,16855.87,0.05
285,110,15,3,814.92,653.32,0.05
286,110,23,3,1335.53,811.63,0
287,110,3,1,22471.2,16855.87,0
288,111,22,2,1364.11,1067.3,0.15
289,111,13,3,558.31,456.02,0.15
290,111,29,2,2988.17,1988.04,0.05
291,111,19,1,6507.09,4743.87,0.05
292,112,25,2,2564.9,2058.16,0.15
293,112,12,2,7376.83,4295.88,0
294,112,7,1,2990.66,2318.63,0
295,113,1,2,14343.89,9720.81,0.15
296,114,8,1,9790.73,7508.58,0.05
297,114,12,3,6639.15,4295.88,0.1
298,115,9,1,697.98,447.76,0.1
299,115,5,1,18681.45,13430.02,0.05
300,115,27,1,730.29,621.93,0.15
301,116,26,1,4822.71,3619.9,0
302,116,3,1,22471.2,16855.87,0
303,116,2,3,4164.9,3285.39,0.05
304,116,29,3,3145.44,1988.04,0
305,117,9,3,775.53,447.76,0
306,117,21,1,3273.46,2679.2,0.15
307,117,3,1,19100.52,16855.87,0.15
308,118,23,3,1135.2,811.63,0.15
309,119,11,1,8740.22,6707.36,0.15
310,119,8,1,9275.43,7508.58,0.1
311,119,10,2,8056.31,5504.87,0.05
312,119,21,3,3273.46,2679.2,0.15
313,120,2,3,4164.9,3285.39,0.05
314,120,19,1,6849.57,4743.87,0
315,120,23,3,1201.98,811.63,0.1
316,121,7,2,2990.66,2318.63,0
317,121,20,1,4790.83,2691.55,0
318,121,20,1,4790.83,2691.55,0
319,121,26,1,4340.44,3619.9,0.1
320,122,14,3,1174.9,947.5,0.1
321,122,2,1,3945.7,3285.39,0.1
322,123,23,2,1201.98,811.63,0.1
323,123,16,1,4333.94,2488.44,0
324,124,27,1,859.17,621.93,0
325,124,8,2,10306.03,7508.58,0
326,124,21,3,3851.13,2679.2,0
327,124,24,1,798.77,559.48,0.15
328,125,26,1,4099.3,3619.9,0.15
329,126,25,2,2715.78,2058.16,0.1
330,127,8,1,8760.13,7508.58,0.15
331,127,28,1,2236.55,1570.6,0.1
332,127,6,3,8693.21,6696.16,0
333,127,23,1,1268.75,811.63,0.05
334,128,30,3,3184.92,2114.6,0.15
335,129,5,2,17698.21,13430.02,0.1
336,129,19,2,6849.57,4743.87,0
337,129,12,3,6639.15,4295.88,0.1
338,129,8,1,9275.43,7508.58,0.1
339,130,29,2,3145.44,1988.04,0
340,130,9,3,775.53,447.76,0
341,131,25,1,2564.9,2058.16,0.15
342,131,9,1,775.53,447.76,0
343,131,24,2,892.74,559.48,0.05
344,131,1,1,16031.4,9720.81,0.05
345,132,8,3,9275.43,7508.58,0.1
346,132,17,2,4554.73,2655.66,0
347,132,2,2,4384.11,3285.39,0
348,133,25,1,2564.9,2058.16,0.15
349,133,25,2,2866.65,2058.16,0.05
350,134,19,2,5822.13,4743.87,0.15
351,134,13,2,656.83,456.02,0
352,135,1,1,14343.89,9720.81,0.15
353,136,28,1,2485.06,1570.6,0
354,136,20,2,4551.29,2691.55,0.05
355,137,7,2,2990.66,2318.63,0
356,137,19,1,6164.61,4743.87,0.1
357,137,2,1,4384.11,3285.39,0
358,138,25,1,3017.53,2058.16,0
359,139,3,1,22471.2,16855.87,0
360,139,4,1,6059.45,3360.05,0
361,139,7,3,2990.66,2318.63,0
362,140,8,3,10306.03,7508.58,0
363,141,15,1,729.14,653.32,0.15
364,142,4,3,5453.51,3360.05,0.1
365,142,8,3,10306.03,7508.58,0
366,143,23,2,1335.53,811.63,0
367,144,9,2,736.75,447.76,0.05
368,144,30,1,3559.62,2114.6,0.05
369,144,11,1,9254.35,6707.36,0.1
370,144,13,2,656.83,456.02,0
371,145,13,3,591.15,456.02,0.1
372,145,24,3,845.76,559.48,0.1
373,145,9,2,659.2,447.76,0.15
374,145,28,3,2360.81,1570.6,0.05
375,146,28,1,2485.06,1570.6,0
376,146,25,3,2564.9,2058.16,0.15
377,146,7,2,2990.66,2318.63,0
378,147,17,2,4326.99,2655.66,0.05
379,147,17,1,4099.26,2655.66,0.1
380,147,14,1,1174.9,947.5,0.1
381,148,27,1,859.17,621.93,0
382,148,17,1,4326.99,2655.66,0.05
383,148,17,1,3871.52,2655.66,0.15
384,148,20,3,4790.83,2691.55,0
385,149,6,3,8693.21,6696.16,0
386,149,16,1,4333.94,2488.44,0
387,149,3,1,21347.64,16855.87,0.05
388,149,4,3,5756.48,3360.05,0.05
389,150,26,1,4822.71,3619.9,0
390,150,13,3,656.83,456.02,0
391,150,14,1,1109.63,947.5,0.15
392,150,26,1,4822.71,3619.9,0
393,151,22,3,1524.59,1067.3,0.05
394,151,16,3,4333.94,2488.44,0
395,151,23,3,1335.53,811.63,0
396,151,11,1,9768.48,6707.36,0.05
397,152,6,1,8258.55,6696.16,0.05
398,152,13,1,623.99,456.02,0.05
399,152,23,2,1335.53,811.63,0
400,153,26,2,4340.44,3619.9,0.1
401,154,17,1,4554.73,2655.66,0
402,154,17,3,3871.52,2655.66,0.15
403,155,28,1,2112.3,1570.6,0.15
404,156,6,3,8258.55,6696.16,0.05
405,156,16,2,3683.85,2488.44,0.15
406,156,18,1,2583.63,1911.48,0.15
407,156,5,1,16714.98,13430.02,0.15
408,157,6,3,8693.21,6696.16,0
409,157,9,3,736.75,447.76,0.05
410,158,15,1,814.92,653.32,0.05
411,158,26,1,4340.44,3619.9,0.1
412,159,22,1,1444.35,1067.3,0.1
413,159,11,2,8740.22,6707.36,0.15
414,160,2,1,3945.7,3285.39,0.1
415,160,8,2,10306.03,7508.58,0
416,160,25,1,2866.65,2058.16,0.05
417,161,28,1,2485.06,1570.6,0
418,161,3,3,20224.08,16855.87,0.1
419,161,27,1,730.29,621.93,0.15
420,161,4,1,5453.51,3360.05,0.1
421,162,3,2,20224.08,16855.87,0.1
422,162,4,2,6059.45,3360.05,0
423,162,20,2,4790.83,2691.55,0
424,163,29,2,2673.62,1988.04,0.15
425,164,1,1,14343.89,9720.81,0.15
426,164,30,3,3746.97,2114.6,0
427,164,16,2,4117.24,2488.44,0.05
428,164,8,2,9275.43,7508.58,0.1
429,165,11,1,9254.35,6707.36,0.1
430,165,15,1,729.14,653.32,0.15
431,166,17,2,4326.99,2655.66,0.05
432,166,14,3,1305.45,947.5,0
433,167,14,2,1174.9,947.5,0.1
434,167,9,2,775.53,447.76,0
435,168,24,2,939.73,559.48,0
436,168,29,2,3145.44,1988.04,0
437,168,28,3,2360.81,1570.6,0.05
438,169,18,2,3039.57,1911.48,0
439,169,15,1,814.92,653.32,0.05
440,169,3,2,20224.08,16855.87,0.1
441,170,9,3,775.53,447.76,0
442,171,19,2,6507.09,4743.87,0.05
443,172,22,2,1524.59,1067.3,0.05
444,172,6,1,8693.21,6696.16,0
445,172,28,2,2236.55,1570.6,0.1
446,173,17,1,4099.26,2655.66,0.1
447,173,29,1,3145.44,1988.04,0
448,174,12,1,7007.99,4295.88,0.05
449,174,15,1,857.81,653.32,0
450,174,20,1,4790.83,2691.55,0
451,175,18,2,2583.63,1911.48,0.15
452,175,26,3,4822.71,3619.9,0
453,176,18,2,3039.57,1911.48,0
454,176,5,2,19664.68,13430.02,0
455,176,23,2,1335.53,811.63,0
456,177,8,1,8760.13,7508.58,0.15
457,178,28,3,2485.06,1570.6,0
458,179,3,1,19100.52,16855.87,0.15
459,179,23,3,1335.53,811.63,0
460,179,17,2,4554.73,2655.66,0
461,179,12,3,7007.99,4295.88,0.05
462,180,23,1,1335.53,811.63,0
463,180,19,1,6507.09,4743.87,0.05
464,180,6,1,8258.55,6696.16,0.05
465,180,4,3,5756.48,3360.05,0.05
466,181,14,3,1109.63,947.5,0.15
467,181,5,2,17698.21,13430.02,0.1
468,181,29,2,2988.17,1988.04,0.05
469,182,3,1,19100.52,16855.87,0.15
470,182,3,1,21347.64,16855.87,0.05
471,182,4,2,5453.51,3360.05,0.1
472,183,11,2,10282.61,6707.36,0
473,183,1,2,16031.4,9720.81,0.05
474,183,19,1,6507.09,4743.87,0.05
475,184,1,2,14343.89,9720.81,0.15
476,184,26,3,4581.57,3619.9,0.05
477,184,27,3,730.29,621.93,0.15
478,185,16,3,3900.55,2488.44,0.1
479,185,10,2,8480.33,5504.87,0
480,186,8,3,9790.73,7508.58,0.05
481,187,14,3,1240.18,947.5,0.05
482,188,13,3,591.15,456.02,0.1
483,188,16,2,4333.94,2488.44,0
484,188,24,2,892.74,559.48,0.05
485,189,11,2,9254.35,6707.36,0.1
486,190,17,2,4099.26,2655.66,0.1
487,190,1,3,16875.16,9720.81,0
488,191,30,1,3746.97,2114.6,0
489,191,17,2,4554.73,2655.66,0
490,191,14,3,1305.45,947.5,0
491,192,24,2,845.76,559.48,0.1
492,192,30,2,3746.97,2114.6,0
493,193,18,3,3039.57,1911.48,0
494,193,17,3,3871.52,2655.66,0.15
495,193,11,1,10282.61,6707.36,0
496,194,9,2,659.2,447.76,0.15
497,194,4,3,5756.48,3360.05,0.05
498,194,7,1,2990.66,2318.63,0
499,194,6,3,8693.21,6696.16,0
500,195,9,3,736.75,447.76,0.05
501,195,12,1,6639.15,4295.88,0.1
502,195,21,2,3658.57,2679.2,0.05
503,196,2,2,3945.7,3285.39,0.1
504,196,3,2,19100.52,16855.87,0.15
505,196,30,3,3184.92,2114.6,0.15
506,196,2,2,4164.9,3285.39,0.05
507,197,13,2,591.15,456.02,0.1
508,197,4,3,6059.45,3360.05,0
509,198,18,3,3039.57,1911.48,0
510,198,26,1,4822.71,3619.9,0
511,199,16,3,3683.85,2488.44,0.15
512,199,15,1,857.81,653.32,0
513,200,24,2,798.77,559.48,0.15
514,201,17,2,4326.99,2655.66,0.05
515,201,16,3,4333.94,2488.44,0
516,201,6,1,8258.55,6696.16,0.05
517,202,5,2,19664.68,13430.02,0
518,202,13,2,656.83,456.02,0
519,202,17,1,4554.73,2655.66,0
520,203,2,1,3726.49,3285.39,0.15
521,203,17,1,4554.73,2655.66,0
522,204,27,1,859.17,621.93,0
523,204,7,1,2990.66,2318.63,0
524,205,21,2,3851.13,2679.2,0
525,206,19,1,6849.57,4743.87,0
526,206,6,2,8258.55,6696.16,0.05
527,207,4,3,6059.45,3360.05,0
528,208,5,1,17698.21,13430.02,0.1
529,208,3,1,20224.08,16855.87,0.1
530,208,13,3,656.83,456.02,0
531,208,5,2,16714.98,13430.02,0.15
532,209,1,3,16875.16,9720.81,0
533,209,18,2,2583.63,1911.48,0.15
534,210,27,2,773.25,621.93,0.1
535,210,9,1,659.2,447.76,0.15
536,211,29,2,3145.44,1988.04,0
537,211,24,2,939.73,559.48,0
538,211,25,3,2866.65,2058.16,0.05
539,212,24,2,939.73,559.48,0
540,212,14,1,1305.45,947.5,0
541,212,25,1,2866.65,2058.16,0.05
542,213,12,3,7007.99,4295.88,0.05
543,213,21,3,3851.13,2679.2,0
544,214,17,2,4326.99,2655.66,0.05
545,214,11,2,10282.61,6707.36,0
546,214,21,1,3658.57,2679.2,0.05
547,214,20,1,4790.83,2691.55,0
548,215,6,2,8258.55,6696.16,0.05
549,215,14,2,1240.18,947.5,0.05
550,215,22,1,1524.59,1067.3,0.05
551,215,21,3,3851.13,2679.2,0
552,216,17,2,4554.73,2655.66,0
553,217,29,2,2673.62,1988.04,0.15
554,217,21,1,3851.13,2679.2,0
555,218,23,3,1268.75,811.63,0.05
556,218,15,1,729.14,653.32,0.15
557,218,11,2,10282.61,6707.36,0
558,218,4,1,5756.48,3360.05,0.05
559,219,6,1,7823.89,6696.16,0.1
560,220,23,2,1201.98,811.63,0.1
561,220,2,2,4384.11,3285.39,0
562,221,4,3,6059.45,3360.05,0
563,221,26,1,4340.44,3619.9,0.1
564,221,20,3,4790.83,2691.55,0
565,221,11,2,9768.48,6707.36,0.05
566,222,24,2,939.73,559.48,0
567,222,9,2,775.53,447.76,0
568,222,27,1,859.17,621.93,0
569,223,24,1,798.77,559.48,0.15
570,223,1,2,15187.64,9720.81,0.1
571,224,7,3,2990.66,2318.63,0
572,225,27,2,859.17,621.93,0
573,225,29,1,2673.62,1988.04,0.15
574,226,3,3,21347.64,16855.87,0.05
575,226,19,3,5822.13,4743.87,0.15
576,226,6,3,7389.23,6696.16,0.15
577,226,10,1,8480.33,5504.87,0
578,227,19,1,6849.57,4743.87,0
579,227,8,1,9790.73,7508.58,0.05
580,227,29,1,2988.17,1988.04,0.05
581,228,5,2,19664.68,13430.02,0
582,229,22,1,1604.83,1067.3,0
583,229,1,2,16031.4,9720.81,0.05
584,230,21,3,3851.13,2679.2,0
585,230,13,1,656.83,456.02,0
586,230,10,3,7632.3,5504.87,0.1
587,231,19,3,5822.13,4743.87,0.15
588,231,12,1,7376.83,4295.88,0
589,231,21,1,3273.46,2679.2,0.15
590,232,11,2,9768.48,6707.36,0.05
591,233,2,1,4164.9,3285.39,0.05
592,233,12,1,7007.99,4295.88,0.05
593,233,13,1,623.99,456.02,0.05
594,233,2,1,3726.49,3285.39,0.15
595,234,24,3,892.74,559.48,0.05
596,234,19,3,6164.61,4743.87,0.1
597,234,26,1,4822.71,3619.9,0
598,234,1,1,15187.64,9720.81,0.1
599,235,26,1,4822.71,3619.9,0
600,236,24,1,939.73,559.48,0
601,236,2,2,4164.9,3285.39,0.05
602,237,1,1,16875.16,9720.81,0
603,237,22,3,1364.11,1067.3,0.15
604,237,1,2,16875.16,9720.81,0
605,238,13,2,656.83,456.02,0
606,238,19,2,6849.57,4743.87,0
607,239,2,3,4384.11,3285.39,0
608,239,25,1,2866.65,2058.16,0.05
609,240,16,1,3900.55,2488.44,0.1
610,241,23,3,1201.98,811.63,0.1
611,242,28,1,2236.55,1570.6,0.1
612,242,29,2,3145.44,1988.04,0
613,242,11,2,9768.48,6707.36,0.05
614,242,22,2,1604.83,1067.3,0
615,243,18,3,2887.59,1911.48,0.05
616,243,5,2,16714.98,13430.02,0.15
617,244,3,1,20224.08,16855.87,0.1
618,244,27,2,859.17,621.93,0
619,245,24,3,939.73,559.48,0
620,246,24,3,798.77,559.48,0.15
621,246,24,1,892.74,559.48,0.05
622,247,13,3,591.15,456.02,0.1
623,247,21,3,3466.02,2679.2,0.1
624,247,14,1,1305.45,947.5,0
625,247,10,2,7632.3,5504.87,0.1
626,248,6,1,8693.21,6696.16,0
627,248,12,1,6639.15,4295.88,0.1
628,249,21,3,3851.13,2679.2,0
629,249,3,3,22471.2,16855.87,0
630,249,11,1,10282.61,6707.36,0
631,249,7,1,2542.06,2318.63,0.15
632,250,27,2,816.21,621.93,0.05
633,251,15,3,772.03,653.32,0.1
634,251,25,2,3017.53,2058.16,0
635,252,3,2,21347.64,16855.87,0.05
636,252,30,3,3559.62,2114.6,0.05
637,252,12,2,6270.31,4295.88,0.15
638,252,11,3,9254.35,6707.36,0.1
639,253,9,1,736.75,447.76,0.05
640,253,28,2,2485.06,1570.6,0
641,253,18,1,2735.61,1911.48,0.1
642,254,22,3,1604.83,1067.3,0
643,255,24,2,845.76,559.48,0.1
644,255,17,2,4326.99,2655.66,0.05
645,255,16,3,4117.24,2488.44,0.05
646,256,13,3,656.83,456.02,0
647,257,1,3,15187.64,9720.81,0.1
648,258,30,2,3372.27,2114.6,0.1
649,258,2,1,3945.7,3285.39,0.1
650,258,16,3,3683.85,2488.44,0.15
651,258,8,2,10306.03,7508.58,0
652,259,24,1,939.73,559.48,0
653,259,17,2,3871.52,2655.66,0.15
654,259,4,3,5150.53,3360.05,0.15
655,259,29,1,2988.17,1988.04,0.05
656,260,3,3,21347.64,16855.87,0.05
657,260,28,1,2360.81,1570.6,0.05
658,260,4,1,5453.51,3360.05,0.1
659,260,4,1,5756.48,3360.05,0.05
660,261,10,2,8480.33,5504.87,0
661,262,24,1,845.76,559.48,0.1
662,262,1,3,14343.89,9720.81,0.15
663,262,18,2,3039.57,1911.48,0
664,263,30,2,3746.97,2114.6,0
665,263,23,3,1201.98,811.63,0.1
666,263,4,1,6059.45,3360.05,0
667,264,25,1,2715.78,2058.16,0.1
668,265,9,2,736.75,447.76,0.05
669,265,3,3,22471.2,16855.87,0
670,266,26,2,4340.44,3619.9,0.1
671,266,30,2,3746.97,2114.6,0
672,267,23,3,1268.75,811.63,0.05
673,267,12,1,7376.83,4295.88,0
674,267,21,3,3273.46,2679.2,0.15
675,267,24,2,845.76,559.48,0.1
676,268,14,1,1305.45,947.5,0
677,268,10,3,8480.33,5504.87,0
678,269,29,2,2988.17,1988.04,0.05
679,269,27,3,730.29,621.93,0.15
680,269,20,1,4072.21,2691.55,0.15
681,269,5,1,16714.98,13430.02,0.15
682,270,12,3,6639.15,4295.88,0.1
683,271,25,3,3017.53,2058.16,0
684,271,12,1,6639.15,4295.88,0.1
685,271,20,3,4311.75,2691.55,0.1
686,271,15,2,814.92,653.32,0.05
687,272,9,2,697.98,447.76,0.1
688,272,14,3,1305.45,947.5,0
689,273,27,2,859.17,621.93,0
690,273,21,2,3273.46,2679.2,0.15
691,274,11,3,10282.61,6707.36,0
692,274,12,3,6639.15,4295.88,0.1
693,274,24,1,845.76,559.48,0.1
694,274,22,2,1364.11,1067.3,0.15
695,275,25,2,2564.9,2058.16,0.15
696,275,6,1,7389.23,6696.16,0.15
697,276,22,2,1524.59,1067.3,0.05
698,277,21,1,3273.46,2679.2,0.15
699,278,7,1,2990.66,2318.63,0
700,278,22,2,1364.11,1067.3,0.15
701,279,23,3,1268.75,811.63,0.05
702,280,28,1,2112.3,1570.6,0.15
703,280,10,3,7208.28,5504.87,0.15
704,280,7,3,2990.66,2318.63,0
705,281,16,3,4333.94,2488.44,0
706,281,25,2,2866.65,2058.16,0.05
707,281,19,3,5822.13,4743.87,0.15
708,281,22,1,1524.59,1067.3,0.05
709,282,8,2,9275.43,7508.58,0.1
710,282,6,2,8693.21,6696.16,0
711,282,10,1,7632.3,5504.87,0.1
712,283,25,1,2564.9,2058.16,0.15
713,283,20,1,4551.29,2691.55,0.05
714,284,12,3,7376.83,4295.88,0
715,285,12,2,7376.83,4295.88,0
716,285,11,1,9768.48,6707.36,0.05
717,286,15,3,729.14,653.32,0.15
718,287,22,3,1364.11,1067.3,0.15
719,287,8,3,10306.03,7508.58,0
720,287,12,2,6639.15,4295.88,0.1
721,288,1,3,15187.64,9720.81,0.1
722,288,14,1,1305.45,947.5,0
723,288,26,2,4581.57,3619.9,0.05
724,289,4,1,5756.48,3360.05,0.05
725,289,27,2,816.21,621.93,0.05
726,290,21,2,3273.46,2679.2,0.15
727,290,24,1,939.73,559.48,0
728,290,19,2,6507.09,4743.87,0.05
729,291,7,2,2990.66,2318.63,0
730,291,10,3,7208.28,5504.87,0.15
731,291,8,1,10306.03,7508.58,0
732,292,4,2,6059.45,3360.05,0
733,292,14,3,1305.45,947.5,0
734,293,26,3,4822.71,3619.9,0
735,294,13,2,656.83,456.02,0
736,295,24,2,892.74,559.48,0.05
737,295,18,1,2887.59,1911.48,0.05
738,295,15,3,772.03,653.32,0.1
739,295,23,2,1201.98,811.63,0.1
740,296,28,3,2485.06,1570.6,0
741,296,12,3,6270.31,4295.88,0.15
742,296,13,1,656.83,456.02,0
743,296,28,1,2112.3,1570.6,0.15
744,297,19,3,6849.57,4743.87,0
745,297,28,2,2485.06,1570.6,0
746,297,9,2,736.75,447.76,0.05
747,297,12,1,7007.99,4295.88,0.05
748,298,27,3,859.17,621.93,0
749,298,20,1,4311.75,2691.55,0.1
750,298,24,2,845.76,559.48,0.1
751,299,14,1,1305.45,947.5,0
752,299,11,2,9768.48,6707.36,0.05
753,299,1,1,16875.16,9720.81,0
754,300,14,1,1240.18,947.5,0.05
755,300,29,3,2830.9,1988.04,0.1
756,301,15,2,772.03,653.32,0.1
757,301,14,3,1305.45,947.5,0
758,301,28,1,2485.06,1570.6,0
759,302,22,2,1604.83,1067.3,0
760,303,19,3,6849.57,4743.87,0
761,304,8,2,9275.43,7508.58,0.1
762,304,24,1,798.77,559.48,0.15
763,304,2,1,4384.11,3285.39,0
764,305,22,1,1444.35,1067.3,0.1
765,305,3,2,22471.2,16855.87,0
766,305,24,3,939.73,559.48,0
767,305,6,2,8693.21,6696.16,0
768,306,26,3,4581.57,3619.9,0.05
769,306,14,2,1305.45,947.5,0
770,306,23,3,1335.53,811.63,0
771,306,29,2,2673.62,1988.04,0.15
772,307,26,1,4822.71,3619.9,0
773,308,16,3,4117.24,2488.44,0.05
774,309,5,2,19664.68,13430.02,0
775,309,5,1,19664.68,13430.02,0
776,310,17,2,4099.26,2655.66,0.1
777,310,18,2,2887.59,1911.48,0.05
778,311,20,3,4072.21,2691.55,0.15
779,311,4,2,5150.53,3360.05,0.15
780,311,27,2,816.21,621.93,0.05
781,312,22,1,1604.83,1067.3,0
782,312,15,2,729.14,653.32,0.15
783,312,12,3,7376.83,4295.88,0
784,312,30,3,3184.92,2114.6,0.15
785,313,19,1,6849.57,4743.87,0
786,313,26,1,4581.57,3619.9,0.05
787,313,1,3,16031.4,9720.81,0.05
788,313,30,1,3184.92,2114.6,0.15
789,314,5,2,17698.21,13430.02,0.1
790,314,4,1,6059.45,3360.05,0
791,314,26,1,4340.44,3619.9,0.1
792,315,28,1,2236.55,1570.6,0.1
793,315,15,3,772.03,653.32,0.1
794,315,3,2,22471.2,16855.87,0
795,316,19,1,6849.57,4743.87,0
796,316,30,3,3184.92,2114.6,0.15
797,317,22,1,1524.59,1067.3,0.05
798,317,25,2,2866.65,2058.16,0.05
799,318,9,1,775.53,447.76,0
800,318,24,2,845.76,559.48,0.1
801,318,26,2,4099.3,3619.9,0.15
802,318,25,2,2866.65,2058.16,0.05
803,319,27,1,730.29,621.93,0.15
804,319,9,1,775.53,447.76,0
805,319,30,1,3559.62,2114.6,0.05
806,319,15,1,729.14,653.32,0.15
807,320,20,2,4072.21,2691.55,0.15
808,321,29,1,3145.44,1988.04,0
809,322,27,3,816.21,621.93,0.05
810,322,6,2,7823.89,6696.16,0.1
811,322,3,1,20224.08,16855.87,0.1
812,322,13,3,558.31,456.02,0.15
813,323,26,2,4099.3,3619.9,0.15
814,323,29,1,2988.17,1988.04,0.05
815,323,19,2,6507.09,4743.87,0.05
816,323,2,3,4164.9,3285.39,0.05
817,324,21,3,3658.57,2679.2,0.05
818,325,30,3,3184.92,2114.6,0.15
819,325,23,3,1335.53,811.63,0
820,325,12,3,7376.83,4295.88,0
821,326,30,2,3559.62,2114.6,0.05
822,326,18,3,2583.63,1911.48,0.15
823,326,12,3,7376.83,4295.88,0
824,326,21,2,3851.13,2679.2,0
825,327,11,3,9768.48,6707.36,0.05
826,327,22,1,1604.83,1067.3,0
827,327,18,2,2887.59,1911.48,0.05
828,327,5,3,19664.68,13430.02,0
829,328,18,2,2583.63,1911.48,0.15
830,329,5,3,17698.21,13430.02,0.1
831,329,3,1,19100.52,16855.87,0.15
832,329,15,2,857.81,653.32,0
833,330,22,2,1604.83,1067.3,0
834,330,16,1,4333.94,2488.44,0
835,330,26,3,4581.57,3619.9,0.05
836,330,29,2,2988.17,1988.04,0.05
837,331,27,3,859.17,621.93,0
838,331,26,1,4340.44,3619.9,0.1
839,332,19,1,5822.13,4743.87,0.15
840,332,13,3,656.83,456.02,0
841,332,15,3,857.81,653.32,0
842,333,28,1,2485.06,1570.6,0
843,334,30,3,3746.97,2114.6,0
844,334,14,3,1109.63,947.5,0.15
845,334,29,2,2673.62,1988.04,0.15
846,334,10,1,8056.31,5504.87,0.05
847,335,22,2,1604.83,1067.3,0
848,336,18,1,3039.57,1911.48,0
849,336,29,2,2830.9,1988.04,0.1
850,337,28,2,2236.55,1570.6,0.1
851,337,3,3,22471.2,16855.87,0
852,338,4,1,5453.51,3360.05,0.1
853,338,3,3,19100.52,16855.87,0.15
854,338,28,2,2485.06,1570.6,0
855,338,1,3,16031.4,9720.81,0.05
856,339,24,1,892.74,559.48,0.05
857,339,30,1,3746.97,2114.6,0
858,340,28,2,2360.81,1570.6,0.05
859,340,1,1,15187.64,9720.81,0.1
860,340,9,3,775.53,447.76,0
861,341,11,2,9254.35,6707.36,0.1
862,341,21,2,3466.02,2679.2,0.1
863,341,17,1,4554.73,2655.66,0
864,341,2,1,4164.9,3285.39,0.05
865,342,27,1,773.25,621.93,0.1
866,343,23,3,1135.2,811.63,0.15
867,344,8,3,10306.03,7508.58,0
868,344,19,1,6849.57,4743.87,0
869,344,11,3,10282.61,6707.36,0
870,345,13,1,623.99,456.02,0.05
871,345,13,2,558.31,456.02,0.15
872,345,2,2,3945.7,3285.39,0.1
873,346,21,1,3851.13,2679.2,0
874,346,28,1,2236.55,1570.6,0.1
875,346,2,1,3726.49,3285.39,0.15
876,347,19,2,5822.13,4743.87,0.15
877,348,21,3,3273.46,2679.2,0.15
878,348,19,2,5822.13,4743.87,0.15
879,348,7,3,2841.13,2318.63,0.05
880,349,4,2,6059.45,3360.05,0
881,349,28,3,2112.3,1570.6,0.15
882,349,24,2,939.73,559.48,0
883,350,5,1,16714.98,13430.02,0.15
884,350,16,3,3683.85,2488.44,0.15
885,351,14,2,1305.45,947.5,0
886,352,27,2,859.17,621.93,0
887,352,17,2,3871.52,2655.66,0.15
888,352,14,3,1305.45,947.5,0
889,352,15,1,857.81,653.32,0
890,353,3,2,22471.2,16855.87,0
891,354,2,2,4384.11,3285.39,0
892,354,22,2,1524.59,1067.3,0.05
893,355,12,2,7007.99,4295.88,0.05
894,355,26,1,4099.3,3619.9,0.15
895,355,6,3,8258.55,6696.16,0.05
896,355,18,1,3039.57,1911.48,0
897,356,11,2,8740.22,6707.36,0.15
898,356,14,1,1174.9,947.5,0.1
899,356,4,1,5756.48,3360.05,0.05
900,356,18,3,2887.59,1911.48,0.05
901,357,11,2,9254.35,6707.36,0.1
902,358,12,3,6639.15,4295.88,0.1
903,359,4,3,5756.48,3360.05,0.05
904,359,12,3,7376.83,4295.88,0
905,359,6,1,8693.21,6696.16,0
906,360,24,3,892.74,559.48,0.05
907,361,15,3,814.92,653.32,0.05
908,361,10,2,8480.33,5504.87,0
909,361,13,2,656.83,456.02,0
910,362,18,2,3039.57,1911.48,0
911,362,14,3,1305.45,947.5,0
912,362,15,2,772.03,653.32,0.1
913,362,28,2,2236.55,1570.6,0.1
914,363,12,3,6639.15,4295.88,0.1
915,363,23,2,1135.2,811.63,0.15
916,363,1,1,16875.16,9720.81,0
917,363,24,1,939.73,559.48,0
918,364,17,3,4326.99,2655.66,0.05
919,365,12,3,7007.99,4295.88,0.05
920,365,4,1,5453.51,3360.05,0.1
921,365,20,2,4551.29,2691.55,0.05
922,365,5,1,17698.21,13430.02,0.1
923,366,1,3,16875.16,9720.81,0
924,366,18,2,2583.63,1911.48,0.15
925,366,2,3,4164.9,3285.39,0.05
926,367,26,1,4822.71,3619.9,0
927,367,28,3,2485.06,1570.6,0
928,368,27,2,816.21,621.93,0.05
929,368,16,2,3683.85,2488.44,0.15
930,368,3,2,22471.2,16855.87,0
931,369,23,3,1201.98,811.63,0.1
932,369,13,2,591.15,456.02,0.1
933,369,26,1,4340.44,3619.9,0.1
934,369,17,1,4554.73,2655.66,0
935,370,10,3,7208.28,5504.87,0.15
936,370,11,3,8740.22,6707.36,0.15
937,370,14,1,1109.63,947.5,0.15
938,370,9,1,697.98,447.76,0.1
939,371,21,3,3658.57,2679.2,0.05
940,372,20,3,4311.75,2691.55,0.1
941,372,15,3,857.81,653.32,0
942,373,15,3,772.03,653.32,0.1
943,373,22,2,1524.59,1067.3,0.05
944,373,27,2,730.29,621.93,0.15
945,373,21,2,3273.46,2679.2,0.15
946,374,6,1,7389.23,6696.16,0.15
947,374,8,3,8760.13,7508.58,0.15
948,374,5,2,17698.21,13430.02,0.1
949,375,24,3,892.74,559.48,0.05
950,375,28,2,2112.3,1570.6,0.15
951,375,3,2,22471.2,16855.87,0
952,375,1,3,16875.16,9720.81,0
953,376,28,1,2485.06,1570.6,0
954,377,8,2,10306.03,7508.58,0
955,377,9,1,659.2,447.76,0.15
956,377,2,3,4164.9,3285.39,0.05
957,377,11,2,9768.48,6707.36,0.05
958,378,15,3,772.03,653.32,0.1
959,378,11,2,9768.48,6707.36,0.05
960,378,24,1,939.73,559.48,0
961,379,11,1,9768.48,6707.36,0.05
962,379,6,2,7823.89,6696.16,0.1
963,380,26,1,4340.44,3619.9,0.1
964,380,29,3,2673.62,1988.04,0.15
965,380,30,1,3372.27,2114.6,0.1
966,381,17,2,4554.73,2655.66,0
967,381,20,1,4790.83,2691.55,0
968,381,17,3,4554.73,2655.66,0
969,381,4,3,6059.45,3360.05,0
970,382,22,3,1604.83,1067.3,0
971,382,27,1,816.21,621.93,0.05
972,383,6,3,8693.21,6696.16,0
973,383,13,2,591.15,456.02,0.1
974,384,3,1,21347.64,16855.87,0.05
975,384,10,2,8480.33,5504.87,0
976,384,17,1,4554.73,2655.66,0
977,384,18,3,2887.59,1911.48,0.05
978,385,22,2,1444.35,1067.3,0.1
979,385,20,3,4790.83,2691.55,0
980,385,22,1,1604.83,1067.3,0
981,386,20,1,4790.83,2691.55,0
982,387,5,1,18681.45,13430.02,0.05
983,388,5,1,18681.45,13430.02,0.05
984,388,10,3,8480.33,5504.87,0
985,389,20,3,4311.75,2691.55,0.1
986,389,16,3,4333.94,2488.44,0
987,390,19,1,6849.57,4743.87,0
988,390,30,3,3372.27,2114.6,0.1
989,391,28,2,2485.06,1570.6,0
990,392,23,2,1335.53,811.63,0
991,392,25,2,2564.9,2058.16,0.15
992,392,18,3,2583.63,1911.48,0.15
993,393,26,3,4822.71,3619.9,0
994,393,3,3,22471.2,16855.87,0
995,394,5,3,19664.68,13430.02,0
996,395,20,1,4072.21,2691.55,0.15
997,395,15,2,814.92,653.32,0.05
998,396,11,2,9254.35,6707.36,0.1
999,396,18,2,2887.59,1911.48,0.05
1000,397,30,2,3184.92,2114.6,0.15
1001,397,11,2,9768.48,6707.36,0.05
1002,398,29,2,3145.44,1988.04,0
1003,398,26,2,4340.44,3619.9,0.1
1004,398,5,2,18681.45,13430.02,0.05
1005,398,19,2,6849.57,4743.87,0
1006,399,18,3,2735.61,1911.48,0.1
1007,399,3,3,22471.2,16855.87,0
1008,400,11,3,9254.35,6707.36,0.1
1009,400,23,3,1135.2,811.63,0.15
1010,401,4,1,6059.45,3360.05,0
1011,401,9,1,697.98,447.76,0.1
1012,402,5,1,19664.68,13430.02,0
1013,402,2,1,3945.7,3285.39,0.1
1014,403,1,1,16875.16,9720.81,0
1015,403,22,1,1444.35,1067.3,0.1
1016,404,19,1,6849.57,4743.87,0
1017,404,18,3,2583.63,1911.48,0.15
1018,405,26,1,4581.57,3619.9,0.05
1019,405,8,1,9790.73,7508.58,0.05
1020,406,20,3,4790.83,2691.55,0
1021,406,11,1,9254.35,6707.36,0.1
1022,407,23,1,1201.98,811.63,0.1
1023,407,28,2,2485.06,1570.6,0
1024,407,22,1,1604.83,1067.3,0
1025,407,21,1,3273.46,2679.2,0.15
1026,408,3,3,22471.2,16855.87,0
1027,409,19,3,6164.61,4743.87,0.1
1028,409,11,2,10282.61,6707.36,0
1029,410,3,3,19100.52,16855.87,0.15
1030,411,4,1,5453.51,3360.05,0.1
1031,411,23,2,1335.53,811.63,0
1032,412,3,1,20224.08,16855.87,0.1
1033,412,21,1,3851.13,2679.2,0
1034,412,28,1,2112.3,1570.6,0.15
1035,413,22,1,1364.11,1067.3,0.15
1036,413,11,1,10282.61,6707.36,0
1037,413,2,2,4164.9,3285.39,0.05
1038,413,26,2,4581.57,3619.9,0.05
1039,414,11,3,8740.22,6707.36,0.15
1040,415,14,2,1305.45,947.5,0
1041,415,9,2,659.2,447.76,0.15
1042,415,2,3,4384.11,3285.39,0
1043,415,23,3,1335.53,811.63,0
1044,416,9,3,659.2,447.76,0.15
1045,416,15,1,729.14,653.32,0.15
1046,416,12,1,7376.83,4295.88,0
1047,417,12,2,7376.83,4295.88,0
1048,417,12,3,6270.31,4295.88,0.15
1049,418,9,1,775.53,447.76,0
1050,418,7,3,2691.59,2318.63,0.1
1051,418,30,2,3746.97,2114.6,0
1052,418,17,1,4554.73,2655.66,0
1053,419,3,3,22471.2,16855.87,0
1054,419,9,1,697.98,447.76,0.1
1055,420,10,1,8480.33,5504.87,0
1056,420,27,3,859.17,621.93,0
1057,421,2,1,4164.9,3285.39,0.05
1058,421,2,2,4384.11,3285.39,0
1059,421,5,3,19664.68,13430.02,0
1060,422,18,1,3039.57,1911.48,0
1061,422,21,1,3851.13,2679.2,0
1062,422,14,2,1305.45,947.5,0
1063,423,7,2,2542.06,2318.63,0.15
1064,423,4,2,5756.48,3360.05,0.05
1065,424,2,1,4384.11,3285.39,0
1066,424,24,1,892.74,559.48,0.05
1067,424,5,1,16714.98,13430.02,0.15
1068,425,19,3,6849.57,4743.87,0
1069,425,30,3,3559.62,2114.6,0.05
1070,425,5,2,17698.21,13430.02,0.1
1071,425,19,3,6507.09,4743.87,0.05
1072,426,18,2,2735.61,1911.48,0.1
1073,426,30,1,3746.97,2114.6,0
1074,426,7,3,2841.13,2318.63,0.05
1075,426,10,2,8480.33,5504.87,0
1076,427,21,1,3466.02,2679.2,0.1
1077,428,10,1,8480.33,5504.87,0
1078,428,12,2,7007.99,4295.88,0.05
1079,428,9,2,775.53,447.76,0
1080,428,22,3,1604.83,1067.3,0
1081,429,28,1,2485.06,1570.6,0
1082,430,5,2,19664.68,13430.02,0
1083,430,10,1,8480.33,5504.87,0
1084,430,23,3,1135.2,811.63,0.15
1085,431,26,2,4099.3,3619.9,0.15
1086,431,9,2,775.53,447.76,0
1087,432,20,3,4311.75,2691.55,0.1
1088,432,14,1,1109.63,947.5,0.15
1089,432,23,2,1201.98,811.63,0.1
1090,432,25,1,3017.53,2058.16,0
1091,433,19,1,6849.57,4743.87,0
1092,433,23,2,1268.75,811.63,0.05
1093,434,28,1,2360.81,1570.6,0.05
1094,434,2,2,4384.11,3285.39,0
1095,434,6,3,7823.89,6696.16,0.1
1096,434,29,2,2830.9,1988.04,0.1
1097,435,11,2,10282.61,6707.36,0
1098,435,30,1,3559.62,2114.6,0.05
1099,436,28,3,2236.55,1570.6,0.1
1100,436,19,1,6849.57,4743.87,0
1101,436,26,2,4099.3,3619.9,0.15
1102,437,16,1,3683.85,2488.44,0.15
1103,437,25,1,3017.53,2058.16,0
1104,437,18,1,3039.57,1911.48,0
1105,437,26,2,4822.71,3619.9,0
1106,438,28,2,2112.3,1570.6,0.15
1107,438,8,2,10306.03,7508.58,0
1108,439,5,3,19664.68,13430.02,0
1109,439,6,1,8258.55,6696.16,0.05
1110,440,28,2,2236.55,1570.6,0.1
1111,440,11,2,8740.22,6707.36,0.15
1112,440,20,3,4551.29,2691.55,0.05
1113,441,3,3,21347.64,16855.87,0.05
1114,441,15,3,772.03,653.32,0.1
1115,442,25,2,2564.9,2058.16,0.15
1116,443,6,2,8258.55,6696.16,0.05
1117,443,21,2,3851.13,2679.2,0
1118,443,15,2,814.92,653.32,0.05
1119,444,28,2,2112.3,1570.6,0.15
1120,444,10,3,8480.33,5504.87,0
1121,444,26,2,4340.44,3619.9,0.1
1122,445,26,2,4581.57,3619.9,0.05
1123,445,5,2,19664.68,13430.02,0
1124,445,5,1,17698.21,13430.02,0.1
1125,445,4,2,5756.48,3360.05,0.05
1126,446,1,3,14343.89,9720.81,0.15
1127,446,26,1,4099.3,3619.9,0.15
1128,446,1,1,16875.16,9720.81,0
1129,447,14,1,1174.9,947.5,0.1
1130,448,28,2,2236.55,1570.6,0.1
1131,448,13,3,656.83,456.02,0
1132,448,23,3,1201.98,811.63,0.1
1133,448,5,1,17698.21,13430.02,0.1
1134,449,24,3,892.74,559.48,0.05
1135,449,20,3,4790.83,2691.55,0
1136,450,2,1,4164.9,3285.39,0.05
1137,450,27,3,773.25,621.93,0.1
1138,450,16,2,4333.94,2488.44,0
1139,450,18,1,3039.57,1911.48,0
1140,451,6,3,7823.89,6696.16,0.1
1141,452,4,2,5150.53,3360.05,0.15
1142,452,20,1,4790.83,2691.55,0
1143,452,27,2,816.21,621.93,0.05
1144,453,9,3,775.53,447.76,0
1145,453,19,1,6507.09,4743.87,0.05
1146,454,22,1,1364.11,1067.3,0.15
1147,455,18,1,2735.61,1911.48,0.1
1148,456,16,2,4333.94,2488.44,0
1149,457,15,1,857.81,653.32,0
1150,457,23,2,1335.53,811.63,0
1151,457,21,3,3851.13,2679.2,0
1152,458,4,3,5756.48,3360.05,0.05
1153,458,27,1,773.25,621.93,0.1
1154,458,20,3,4790.83,2691.55,0
1155,458,19,1,5822.13,4743.87,0.15
1156,459,29,3,3145.44,1988.04,0
1157,459,8,2,9275.43,7508.58,0.1
1158,459,20,2,4072.21,2691.55,0.15
1159,459,21,1,3851.13,2679.2,0
1160,460,5,1,19664.68,13430.02,0
1161,460,1,1,16875.16,9720.81,0
1162,460,29,2,3145.44,1988.04,0
1163,461,7,1,2691.59,2318.63,0.1
1164,461,14,2,1305.45,947.5,0
1165,461,2,2,4384.11,3285.39,0
1166,462,26,3,4822.71,3619.9,0
1167,463,18,2,3039.57,1911.48,0
1168,464,25,3,3017.53,2058.16,0
1169,464,20,2,4790.83,2691.55,0
1170,464,15,1,729.14,653.32,0.15
1171,464,12,2,7007.99,4295.88,0.05
1172,465,10,2,7208.28,5504.87,0.15
1173,465,24,1,939.73,559.48,0
1174,465,2,3,3726.49,3285.39,0.15
1175,466,24,1,892.74,559.48,0.05
1176,466,24,2,845.76,559.48,0.1
1177,466,29,1,2988.17,1988.04,0.05
1178,467,19,3,6507.09,4743.87,0.05
1179,467,17,3,4099.26,2655.66,0.1
1180,467,14,1,1305.45,947.5,0
1181,467,5,2,19664.68,13430.02,0
1182,468,28,2,2485.06,1570.6,0
1183,469,6,1,7823.89,6696.16,0.1
1184,469,19,2,6164.61,4743.87,0.1
1185,469,20,2,4790.83,2691.55,0
1186,469,27,1,859.17,621.93,0
1187,470,17,3,4099.26,2655.66,0.1
1188,470,12,1,7007.99,4295.88,0.05
1189,470,20,1,4311.75,2691.55,0.1
1190,470,19,1,6849.57,4743.87,0
1191,471,23,2,1201.98,811.63,0.1
1192,471,18,1,3039.57,1911.48,0
1193,472,15,1,857.81,653.32,0
1194,472,4,3,5453.51,3360.05,0.1
1195,472,3,1,19100.52,16855.87,0.15
1196,473,26,3,4099.3,3619.9,0.15
1197,474,23,2,1335.53,811.63,0
1198,474,11,1,10282.61,6707.36,0
1199,474,25,1,2866.65,2058.16,0.05
1200,474,21,2,3273.46,2679.2,0.15
1201,475,28,3,2236.55,1570.6,0.1
1202,475,16,3,4333.94,2488.44,0
1203,475,23,1,1135.2,811.63,0.15
1204,475,22,3,1604.83,1067.3,0
1205,476,28,2,2360.81,1570.6,0.05
1206,476,19,2,5822.13,4743.87,0.15
1207,476,27,2,859.17,621.93,0
1208,477,3,2,22471.2,16855.87,0
1209,477,21,1,3273.46,2679.2,0.15
1210,477,19,3,6164.61,4743.87,0.1
1211,477,17,1,4554.73,2655.66,0
1212,478,19,1,6507.09,4743.87,0.05
1213,478,3,3,22471.2,16855.87,0
1214,478,3,1,20224.08,16855.87,0.1
1215,479,10,2,8480.33,5504.87,0
1216,479,11,1,10282.61,6707.36,0
1217,480,27,2,859.17,621.93,0
1218,480,13,1,656.83,456.02,0
1219,481,7,3,2990.66,2318.63,0
1220,481,24,1,892.74,559.48,0.05
1221,481,15,2,772.03,653.32,0.1
1222,482,1,3,16875.16,9720.81,0
1223,482,8,2,10306.03,7508.58,0
1224,482,23,2,1335.53,811.63,0
1225,483,10,2,8480.33,5504.87,0
1226,484,1,2,16875.16,9720.81,0
1227,484,10,1,7632.3,5504.87,0.1
1228,485,17,1,4099.26,2655.66,0.1
1229,485,4,2,5453.51,3360.05,0.1
1230,486,25,3,2866.65,2058.16,0.05
1231,486,6,1,8693.21,6696.16,0
1232,487,11,2,9254.35,6707.36,0.1
1233,487,15,3,814.92,653.32,0.05
1234,487,22,1,1364.11,1067.3,0.15
1235,487,25,2,2715.78,2058.16,0.1
1236,488,18,2,2583.63,1911.48,0.15
1237,488,22,2,1444.35,1067.3,0.1
1238,488,7,3,2691.59,2318.63,0.1
1239,489,13,2,656.83,456.02,0
1240,489,3,1,22471.2,16855.87,0
1241,490,18,1,3039.57,1911.48,0
1242,490,11,3,8740.22,6707.36,0.15
1243,490,30,2,3559.62,2114.6,0.05
1244,491,10,1,7632.3,5504.87,0.1
1245,491,1,1,14343.89,9720.81,0.15
1246,491,29,3,2673.62,1988.04,0.15
1247,492,29,2,3145.44,1988.04,0
1248,492,8,3,9275.43,7508.58,0.1
1249,493,5,3,19664.68,13430.02,0
1250,493,21,3,3658.57,2679.2,0.05
1251,493,8,3,8760.13,7508.58,0.15
1252,493,12,1,6270.31,4295.88,0.15
1253,494,23,1,1335.53,811.63,0
1254,494,29,3,2673.62,1988.04,0.15
1255,494,17,3,3871.52,2655.66,0.15
1256,494,25,1,3017.53,2058.16,0
1257,495,28,3,2360.81,1570.6,0.05
1258,495,30,2,3372.27,2114.6,0.1
1259,495,25,3,2564.9,2058.16,0.15
1260,496,1,1,16875.16,9720.81,0
1261,496,23,3,1135.2,811.63,0.15
1262,496,19,2,6164.61,4743.87,0.1
1263,497,17,1,4099.26,2655.66,0.1
1264,497,23,1,1135.2,811.63,0.15
1265,498,22,1,1524.59,1067.3,0.05
1266,498,22,3,1604.83,1067.3,0
1267,498,26,3,4822.71,3619.9,0
1268,499,11,1,9254.35,6707.36,0.1
1269,499,1,2,16875.16,9720.81,0
1270,499,23,2,1335.53,811.63,0
1271,499,8,1,9790.73,7508.58,0.05
1272,500,4,3,6059.45,3360.05,0
1273,500,20,3,4072.21,2691.55,0.15
1274,500,20,2,4072.21,2691.55,0.15
1275,500,6,3,8258.55,6696.16,0.05
1276,501,19,2,6164.61,4743.87,0.1
1277,501,16,2,3683.85,2488.44,0.15
1278,501,26,1,4581.57,3619.9,0.05
1279,501,6,3,7389.23,6696.16,0.15
1280,502,28,1,2485.06,1570.6,0
1281,502,6,1,8258.55,6696.16,0.05
1282,502,20,1,4311.75,2691.55,0.1
1283,502,4,2,5756.48,3360.05,0.05
1284,503,14,2,1109.63,947.5,0.15
1285,503,16,1,3900.55,2488.44,0.1
1286,503,21,3,3466.02,2679.2,0.1
1287,504,16,2,3683.85,2488.44,0.15
1288,505,23,3,1268.75,811.63,0.05
1289,506,19,3,6507.09,4743.87,0.05
1290,506,9,1,659.2,447.76,0.15
1291,506,10,3,7208.28,5504.87,0.15
1292,506,13,2,591.15,456.02,0.1
1293,507,15,1,814.92,653.32,0.05
1294,507,2,1,4384.11,3285.39,0
1295,507,29,2,2988.17,1988.04,0.05
1296,507,30,3,3559.62,2114.6,0.05
1297,508,17,2,4554.73,2655.66,0
1298,508,13,1,656.83,456.02,0
1299,509,11,2,10282.61,6707.36,0
1300,509,24,1,892.74,559.48,0.05
1301,510,12,1,6639.15,4295.88,0.1
1302,510,11,1,9254.35,6707.36,0.1
1303,511,29,2,3145.44,1988.04,0
1304,511,23,3,1135.2,811.63,0.15
1305,512,1,3,14343.89,9720.81,0.15
1306,512,19,3,6164.61,4743.87,0.1
1307,512,21,1,3658.57,2679.2,0.05
1308,513,28,1,2236.55,1570.6,0.1
1309,514,22,2,1604.83,1067.3,0
1310,514,11,1,9254.35,6707.36,0.1
1311,515,4,1,5150.53,3360.05,0.15
1312,515,8,3,8760.13,7508.58,0.15
1313,516,12,2,7376.83,4295.88,0
1314,516,13,3,656.83,456.02,0
1315,517,6,3,8693.21,6696.16,0
1316,517,23,2,1135.2,811.63,0.15
1317,517,24,1,892.74,559.48,0.05
1318,518,11,2,10282.61,6707.36,0
1319,518,30,1,3746.97,2114.6,0
1320,519,17,1,4326.99,2655.66,0.05
1321,519,28,3,2485.06,1570.6,0
1322,520,28,1,2485.06,1570.6,0
1323,520,26,1,4581.57,3619.9,0.05
1324,520,15,1,857.81,653.32,0
1325,520,12,1,6639.15,4295.88,0.1
1326,521,11,2,10282.61,6707.36,0
1327,521,24,2,939.73,559.48,0
1328,521,12,1,7376.83,4295.88,0
1329,522,28,2,2485.06,1570.6,0
1330,522,11,3,9768.48,6707.36,0.05
1331,523,26,2,4822.71,3619.9,0
1332,523,10,2,7632.3,5504.87,0.1
1333,523,19,1,5822.13,4743.87,0.15
1334,524,20,1,4790.83,2691.55,0
1335,525,28,1,2485.06,1570.6,0
1336,526,14,1,1305.45,947.5,0
1337,526,17,3,4326.99,2655.66,0.05
1338,526,26,1,4822.71,3619.9,0
1339,526,13,1,591.15,456.02,0.1
1340,527,21,3,3851.13,2679.2,0
1341,528,1,2,16031.4,9720.81,0.05
1342,528,24,1,892.74,559.48,0.05
1343,528,7,3,2691.59,2318.63,0.1
1344,528,1,2,15187.64,9720.81,0.1
1345,529,26,2,4340.44,3619.9,0.1
1346,529,7,3,2990.66,2318.63,0
1347,529,28,2,2485.06,1570.6,0
1348,530,11,2,8740.22,6707.36,0.15
1349,530,16,3,4333.94,2488.44,0
1350,531,27,3,859.17,621.93,0
1351,531,1,1,16031.4,9720.81,0.05
1352,531,24,1,939.73,559.48,0
1353,531,12,2,7376.83,4295.88,0
1354,532,5,2,16714.98,13430.02,0.15
1355,532,8,3,10306.03,7508.58,0
1356,533,9,3,697.98,447.76,0.1
1357,533,28,3,2485.06,1570.6,0
1358,534,7,3,2990.66,2318.63,0
1359,534,21,3,3273.46,2679.2,0.15
1360,535,18,1,3039.57,1911.48,0
1361,535,3,2,20224.08,16855.87,0.1
1362,536,28,2,2485.06,1570.6,0
1363,536,2,2,4384.11,3285.39,0
1364,536,26,3,4581.57,3619.9,0.05
1365,537,6,2,7823.89,6696.16,0.1
1366,537,14,1,1305.45,947.5,0
1367,537,24,1,892.74,559.48,0.05
1368,537,21,1,3273.46,2679.2,0.15
1369,538,16,1,4333.94,2488.44,0
1370,538,26,3,4822.71,3619.9,0
1371,538,24,3,845.76,559.48,0.1
1372,538,5,1,19664.68,13430.02,0
1373,539,25,1,3017.53,2058.16,0
1374,539,27,2,816.21,621.93,0.05
1375,539,5,2,19664.68,13430.02,0
1376,540,11,3,9768.48,6707.36,0.05
1377,540,7,2,2691.59,2318.63,0.1
1378,540,17,1,4326.99,2655.66,0.05
1379,541,12,3,7376.83,4295.88,0
1380,542,19,1,6164.61,4743.87,0.1
1381,543,7,3,2990.66,2318.63,0
1382,543,20,3,4551.29,2691.55,0.05
1383,543,12,3,7376.83,4295.88,0
1384,543,25,1,3017.53,2058.16,0
1385,544,2,3,3726.49,3285.39,0.15
1386,544,18,1,3039.57,1911.48,0
1387,544,4,1,5150.53,3360.05,0.15
1388,544,25,2,2564.9,2058.16,0.15
1389,545,2,2,4384.11,3285.39,0
1390,545,13,3,591.15,456.02,0.1
1391,545,19,3,6164.61,4743.87,0.1
1392,545,18,2,2735.61,1911.48,0.1
1393,546,27,2,730.29,621.93,0.15
1394,546,24,1,939.73,559.48,0
1395,547,15,1,857.81,653.32,0
1396,547,17,3,4099.26,2655.66,0.1
1397,547,2,2,4384.11,3285.39,0
1398,547,7,2,2542.06,2318.63,0.15
1399,548,22,2,1604.83,1067.3,0
1400,548,6,3,8693.21,6696.16,0
1401,548,12,3,6270.31,4295.88,0.15
1402,549,9,3,659.2,447.76,0.15
1403,549,28,1,2236.55,1570.6,0.1
1404,549,6,1,7389.23,6696.16,0.15
1405,549,2,1,3726.49,3285.39,0.15
1406,550,22,2,1524.59,1067.3,0.05
1407,550,25,2,2866.65,2058.16,0.05
1408,550,16,2,3900.55,2488.44,0.1
1409,551,16,2,3683.85,2488.44,0.15
1410,551,22,3,1364.11,1067.3,0.15
1411,552,19,2,6164.61,4743.87,0.1
1412,552,30,3,3184.92,2114.6,0.15
1413,552,14,2,1305.45,947.5,0
1414,552,22,2,1524.59,1067.3,0.05
1415,553,1,3,14343.89,9720.81,0.15
1416,553,20,1,4551.29,2691.55,0.05
1417,553,11,2,10282.61,6707.36,0
1418,553,22,3,1364.11,1067.3,0.15
1419,554,5,2,19664.68,13430.02,0
1420,554,29,1,2988.17,1988.04,0.05
1421,555,1,1,16875.16,9720.81,0
1422,555,5,2,17698.21,13430.02,0.1
1423,555,16,1,4333.94,2488.44,0
1424,556,13,3,558.31,456.02,0.15
1425,556,19,3,6507.09,4743.87,0.05
1426,557,8,2,8760.13,7508.58,0.15
1427,558,6,2,8258.55,6696.16,0.05
1428,559,25,2,2715.78,2058.16,0.1
1429,559,15,2,814.92,653.32,0.05
1430,559,13,3,656.83,456.02,0
1431,560,21,1,3851.13,2679.2,0
1432,560,7,1,2691.59,2318.63,0.1
1433,560,13,1,656.83,456.02,0
1434,561,5,3,16714.98,13430.02,0.15
1435,561,25,2,2564.9,2058.16,0.15
1436,561,9,1,659.2,447.76,0.15
1437,561,9,1,775.53,447.76,0
1438,562,24,2,845.76,559.48,0.1
1439,563,17,3,4099.26,2655.66,0.1
1440,563,30,3,3184.92,2114.6,0.15
1441,563,24,3,798.77,559.48,0.15
1442,563,13,2,558.31,456.02,0.15
1443,564,18,1,2887.59,1911.48,0.05
1444,564,2,1,3726.49,3285.39,0.15
1445,564,20,2,4551.29,2691.55,0.05
1446,565,27,2,859.17,621.93,0
1447,565,23,1,1335.53,811.63,0
1448,566,23,2,1135.2,811.63,0.15
1449,566,20,2,4551.29,2691.55,0.05
1450,566,14,3,1174.9,947.5,0.1
1451,567,9,2,697.98,447.76,0.1
1452,567,24,2,939.73,559.48,0
1453,567,20,1,4790.83,2691.55,0
1454,567,29,1,3145.44,1988.04,0
1455,568,7,2,2691.59,2318.63,0.1
1456,569,17,3,4554.73,2655.66,0
1457,569,24,1,845.76,559.48,0.1
1458,569,14,1,1174.9,947.5,0.1
1459,570,3,3,19100.52,16855.87,0.15
1460,570,26,1,4822.71,3619.9,0
1461,570,3,2,22471.2,16855.87,0
1462,571,11,1,9768.48,6707.36,0.05
1463,572,25,2,3017.53,2058.16,0
1464,573,10,2,7208.28,5504.87,0.15
1465,573,6,3,7389.23,6696.16,0.15
1466,574,21,2,3851.13,2679.2,0
1467,575,29,3,3145.44,1988.04,0
1468,575,21,2,3851.13,2679.2,0
1469,575,28,2,2360.81,1570.6,0.05
1470,576,5,2,19664.68,13430.02,0
1471,576,9,1,736.75,447.76,0.05
1472,576,9,2,775.53,447.76,0
1473,576,29,3,2988.17,1988.04,0.05
1474,577,19,3,6849.57,4743.87,0
1475,577,18,3,2887.59,1911.48,0.05
1476,577,23,1,1201.98,811.63,0.1
1477,577,13,2,656.83,456.02,0
1478,578,1,1,14343.89,9720.81,0.15
1479,578,14,2,1240.18,947.5,0.05
1480,578,19,1,5822.13,4743.87,0.15
1481,578,5,1,18681.45,13430.02,0.05
1482,579,20,3,4551.29,2691.55,0.05
1483,579,1,3,16875.16,9720.81,0
1484,579,18,3,2887.59,1911.48,0.05
1485,580,1,3,15187.64,9720.81,0.1
1486,581,4,2,5756.48,3360.05,0.05
1487,581,23,3,1201.98,811.63,0.1
1488,581,27,3,773.25,621.93,0.1
1489,582,16,2,4333.94,2488.44,0
1490,583,19,1,6164.61,4743.87,0.1
1491,583,25,2,3017.53,2058.16,0
1492,583,3,2,22471.2,16855.87,0
1493,583,16,2,3900.55,2488.44,0.1
1494,584,16,1,3683.85,2488.44,0.15
1495,584,10,1,7632.3,5504.87,0.1
1496,584,21,1,3273.46,2679.2,0.15
1497,584,21,3,3851.13,2679.2,0
1498,585,18,3,2887.59,1911.48,0.05
1499,585,14,1,1305.45,947.5,0
1500,585,7,1,2542.06,2318.63,0.15
1501,585,29,3,2673.62,1988.04,0.15
1502,586,8,2,10306.03,7508.58,0
1503,586,25,2,3017.53,2058.16,0
1504,586,10,3,8480.33,5504.87,0
1505,587,25,3,3017.53,2058.16,0
1506,588,11,1,8740.22,6707.36,0.15
1507,588,24,3,798.77,559.48,0.15
1508,589,24,3,939.73,559.48,0
1509,589,26,1,4581.57,3619.9,0.05
1510,589,3,1,20224.08,16855.87,0.1
1511,589,5,1,19664.68,13430.02,0
1512,590,13,2,656.83,456.02,0
1513,590,23,3,1135.2,811.63,0.15
1514,591,25,2,3017.53,2058.16,0
1515,592,27,1,730.29,621.93,0.15
1516,592,23,1,1268.75,811.63,0.05
1517,592,14,3,1109.63,947.5,0.15
1518,592,29,2,2830.9,1988.04,0.1
1519,593,17,2,4099.26,2655.66,0.1
1520,593,29,3,2673.62,1988.04,0.15
1521,594,15,1,814.92,653.32,0.05
1522,594,6,2,8258.55,6696.16,0.05
1523,595,21,1,3851.13,2679.2,0
1524,595,10,3,8480.33,5504.87,0
1525,595,7,2,2691.59,2318.63,0.1
1526,595,19,2,6849.57,4743.87,0
1527,596,7,1,2990.66,2318.63,0
1528,596,21,1,3466.02,2679.2,0.1
1529,596,4,2,6059.45,3360.05,0
1530,596,20,1,4311.75,2691.55,0.1
1531,597,7,1,2691.59,2318.63,0.1
1532,597,12,3,7376.83,4295.88,0
1533,597,29,2,2830.9,1988.04,0.1
1534,598,30,1,3746.97,2114.6,0
1535,598,17,3,4554.73,2655.66,0
1536,598,9,3,697.98,447.76,0.1
1537,599,14,3,1174.9,947.5,0.1
1538,599,23,3,1201.98,811.63,0.1
1539,600,30,2,3746.97,2114.6,0
1540,601,5,2,18681.45,13430.02,0.05
1541,601,9,1,736.75,447.76,0.05
1542,602,8,1,9275.43,7508.58,0.1
1543,602,1,2,14343.89,9720.81,0.15
1544,603,13,3,656.83,456.02,0
1545,603,23,1,1335.53,811.63,0
1546,603,18,3,2887.59,1911.48,0.05
1547,604,10,3,7208.28,5504.87,0.15
1548,604,16,3,4333.94,2488.44,0
1549,604,5,3,17698.21,13430.02,0.1
1550,604,8,1,10306.03,7508.58,0
1551,605,25,2,2564.9,2058.16,0.15
1552,606,9,3,697.98,447.76,0.1
1553,607,22,2,1364.11,1067.3,0.15
1554,607,13,3,623.99,456.02,0.05
1555,607,7,3,2841.13,2318.63,0.05
1556,607,14,3,1305.45,947.5,0
1557,608,9,2,775.53,447.76,0
1558,608,23,3,1268.75,811.63,0.05
1559,608,18,3,3039.57,1911.48,0
1560,608,1,3,15187.64,9720.81,0.1
1561,609,2,1,4164.9,3285.39,0.05
1562,609,5,3,16714.98,13430.02,0.15
1563,609,27,1,730.29,621.93,0.15
1564,609,26,3,4822.71,3619.9,0
1565,610,12,2,7376.83,4295.88,0
1566,610,3,2,19100.52,16855.87,0.15
1567,610,3,2,20224.08,16855.87,0.1
1568,610,27,2,730.29,621.93,0.15
1569,611,17,2,4554.73,2655.66,0
1570,611,10,2,7632.3,5504.87,0.1
1571,612,30,2,3372.27,2114.6,0.1
1572,613,2,1,4384.11,3285.39,0
1573,613,6,3,8258.55,6696.16,0.05
1574,613,21,2,3273.46,2679.2,0.15
1575,614,14,2,1240.18,947.5,0.05
1576,614,17,1,4554.73,2655.66,0
1577,615,21,3,3273.46,2679.2,0.15
1578,615,4,3,5453.51,3360.05,0.1
1579,615,11,3,10282.61,6707.36,0
1580,615,15,1,772.03,653.32,0.1
1581,616,8,2,9275.43,7508.58,0.1
1582,616,11,1,9254.35,6707.36,0.1
1583,617,18,1,2583.63,1911.48,0.15
1584,617,14,3,1240.18,947.5,0.05
1585,617,30,1,3559.62,2114.6,0.05
1586,618,1,1,16875.16,9720.81,0
1587,619,13,1,656.83,456.02,0
1588,619,23,2,1201.98,811.63,0.1
1589,619,19,3,6849.57,4743.87,0
1590,619,19,1,5822.13,4743.87,0.15
1591,620,21,2,3851.13,2679.2,0
1592,620,14,1,1174.9,947.5,0.1
1593,621,30,3,3746.97,2114.6,0
1594,622,19,2,6507.09,4743.87,0.05
1595,622,9,1,659.2,447.76,0.15
1596,623,2,2,4384.11,3285.39,0
1597,624,28,3,2236.55,1570.6,0.1
1598,624,14,3,1305.45,947.5,0
1599,625,27,1,730.29,621.93,0.15
1600,625,10,3,7632.3,5504.87,0.1
1601,626,24,1,939.73,559.48,0
1602,626,19,2,6849.57,4743.87,0
1603,627,26,3,4822.71,3619.9,0
1604,627,18,2,2735.61,1911.48,0.1
1605,627,17,3,4554.73,2655.66,0
1606,628,25,2,2866.65,2058.16,0.05
1607,628,30,1,3746.97,2114.6,0
1608,629,1,1,14343.89,9720.81,0.15
1609,629,18,1,3039.57,1911.48,0
1610,629,4,1,6059.45,3360.05,0
1611,630,16,1,4333.94,2488.44,0
1612,631,7,2,2841.13,2318.63,0.05
1613,631,10,1,8480.33,5504.87,0
1614,631,13,2,656.83,456.02,0
1615,631,19,2,6849.57,4743.87,0
1616,632,23,3,1268.75,811.63,0.05
1617,632,3,2,19100.52,16855.87,0.15
1618,633,27,3,730.29,621.93,0.15
1619,633,3,1,22471.2,16855.87,0
1620,634,6,1,8258.55,6696.16,0.05
1621,635,13,3,591.15,456.02,0.1
1622,635,19,3,6849.57,4743.87,0
1623,635,22,2,1524.59,1067.3,0.05
1624,636,5,1,16714.98,13430.02,0.15
1625,637,2,3,3726.49,3285.39,0.15
1626,638,1,2,14343.89,9720.81,0.15
1627,638,17,2,4554.73,2655.66,0
1628,639,14,1,1240.18,947.5,0.05
1629,640,20,1,4790.83,2691.55,0
1630,640,20,3,4790.83,2691.55,0
1631,640,28,3,2485.06,1570.6,0
1632,640,9,1,775.53,447.76,0
1633,641,22,3,1604.83,1067.3,0
1634,641,23,1,1268.75,811.63,0.05
1635,641,5,1,19664.68,13430.02,0
1636,641,3,1,22471.2,16855.87,0
1637,642,29,3,3145.44,1988.04,0
1638,642,30,3,3372.27,2114.6,0.1
1639,643,2,2,4384.11,3285.39,0
1640,643,26,3,4099.3,3619.9,0.15
1641,644,24,2,845.76,559.48,0.1
1642,644,17,1,4326.99,2655.66,0.05
1643,644,28,2,2236.55,1570.6,0.1
1644,644,7,2,2841.13,2318.63,0.05
1645,645,7,2,2542.06,2318.63,0.15
1646,646,7,2,2691.59,2318.63,0.1
1647,647,1,1,16875.16,9720.81,0
1648,647,18,1,2735.61,1911.48,0.1
1649,647,12,2,6270.31,4295.88,0.15
1650,648,30,3,3746.97,2114.6,0
1651,649,28,1,2236.55,1570.6,0.1
1652,649,14,1,1305.45,947.5,0
1653,649,21,2,3851.13,2679.2,0
1654,650,24,3,798.77,559.48,0.15
1655,651,23,3,1335.53,811.63,0
1656,651,23,3,1135.2,811.63,0.15
1657,652,5,3,17698.21,13430.02,0.1
1658,652,9,3,775.53,447.76,0
1659,652,11,1,10282.61,6707.36,0
1660,653,10,1,8480.33,5504.87,0
1661,653,4,2,6059.45,3360.05,0
1662,654,28,3,2112.3,1570.6,0.15
1663,654,25,2,3017.53,2058.16,0
1664,655,22,3,1524.59,1067.3,0.05
1665,655,14,1,1109.63,947.5,0.15
1666,655,4,1,5756.48,3360.05,0.05
1667,655,4,3,5150.53,3360.05,0.15
1668,656,3,1,22471.2,16855.87,0
1669,656,11,2,8740.22,6707.36,0.15
1670,656,18,3,2583.63,1911.48,0.15
1671,656,1,1,15187.64,9720.81,0.1
1672,657,18,1,2887.59,1911.48,0.05
1673,657,11,1,9768.48,6707.36,0.05
1674,657,13,2,558.31,456.02,0.15
1675,658,10,3,8056.31,5504.87,0.05
1676,659,1,2,15187.64,9720.81,0.1
1677,659,1,1,16031.4,9720.81,0.05
1678,659,27,1,773.25,621.93,0.1
1679,659,30,3,3746.97,2114.6,0
1680,660,4,3,6059.45,3360.05,0
1681,660,6,2,7389.23,6696.16,0.15
1682,660,22,1,1444.35,1067.3,0.1
1683,660,9,1,697.98,447.76,0.1
1684,661,22,3,1604.83,1067.3,0
1685,661,27,1,859.17,621.93,0
1686,662,10,3,7208.28,5504.87,0.15
1687,662,1,2,16875.16,9720.81,0
1688,662,21,2,3658.57,2679.2,0.05
1689,663,16,2,4333.94,2488.44,0
1690,663,21,3,3273.46,2679.2,0.15
1691,663,18,2,2887.59,1911.48,0.05
1692,664,28,1,2236.55,1570.6,0.1
1693,664,29,3,2830.9,1988.04,0.1
1694,664,9,2,697.98,447.76,0.1
1695,664,24,2,939.73,559.48,0
1696,665,14,2,1240.18,947.5,0.05
1697,666,20,3,4072.21,2691.55,0.15
1698,666,17,2,4326.99,2655.66,0.05
1699,666,5,2,17698.21,13430.02,0.1
1700,666,24,1,939.73,559.48,0
1701,667,14,2,1240.18,947.5,0.05
1702,668,11,3,8740.22,6707.36,0.15
1703,668,27,1,859.17,621.93,0
1704,669,10,1,7208.28,5504.87,0.15
1705,669,8,3,9790.73,7508.58,0.05
1706,670,29,1,3145.44,1988.04,0
1707,671,24,1,798.77,559.48,0.15
1708,672,25,3,2866.65,2058.16,0.05
1709,672,9,3,697.98,447.76,0.1
1710,672,20,2,4311.75,2691.55,0.1
1711,673,23,2,1135.2,811.63,0.15
1712,674,10,3,8056.31,5504.87,0.05
1713,675,19,3,6164.61,4743.87,0.1
1714,675,9,1,775.53,447.76,0
1715,675,21,3,3851.13,2679.2,0
1716,675,16,3,3683.85,2488.44,0.15
1717,676,5,1,19664.68,13430.02,0
1718,676,6,2,8693.21,6696.16,0
1719,676,19,2,6164.61,4743.87,0.1
1720,676,13,2,656.83,456.02,0
1721,677,18,1,3039.57,1911.48,0
1722,677,29,3,3145.44,1988.04,0
1723,677,3,1,19100.52,16855.87,0.15
1724,678,7,1,2542.06,2318.63,0.15
1725,679,17,2,3871.52,2655.66,0.15
1726,679,19,2,6849.57,4743.87,0
1727,679,23,2,1201.98,811.63,0.1
1728,679,1,1,15187.64,9720.81,0.1
1729,680,21,1,3466.02,2679.2,0.1
1730,680,28,1,2112.3,1570.6,0.15
1731,680,18,3,2887.59,1911.48,0.05
1732,680,11,1,8740.22,6707.36,0.15
1733,681,4,1,6059.45,3360.05,0
1734,681,1,3,16875.16,9720.81,0
1735,681,17,1,4099.26,2655.66,0.1
1736,681,26,1,4581.57,3619.9,0.05
1737,682,11,3,8740.22,6707.36,0.15
1738,682,4,2,6059.45,3360.05,0
1739,682,18,2,3039.57,1911.48,0
1740,682,7,3,2990.66,2318.63,0
1741,683,17,1,3871.52,2655.66,0.15
1742,684,30,1,3559.62,2114.6,0.05
1743,684,1,2,16875.16,9720.81,0
1744,684,23,1,1135.2,811.63,0.15
1745,684,1,2,16031.4,9720.81,0.05
1746,685,19,3,6507.09,4743.87,0.05
1747,685,1,3,16875.16,9720.81,0
1748,686,30,3,3372.27,2114.6,0.1
1749,687,12,3,7376.83,4295.88,0
1750,687,17,1,4554.73,2655.66,0
1751,688,19,1,5822.13,4743.87,0.15
1752,688,4,1,6059.45,3360.05,0
1753,689,5,1,19664.68,13430.02,0
1754,690,11,3,8740.22,6707.36,0.15
1755,690,29,1,3145.44,1988.04,0
1756,691,4,2,6059.45,3360.05,0
1757,691,30,1,3372.27,2114.6,0.1
1758,691,9,1,736.75,447.76,0.05
1759,691,4,2,5756.48,3360.05,0.05
1760,692,17,3,4554.73,2655.66,0
1761,692,16,1,4333.94,2488.44,0
1762,693,12,3,7007.99,4295.88,0.05
1763,693,23,1,1268.75,811.63,0.05
1764,693,13,2,558.31,456.02,0.15
1765,693,22,1,1604.83,1067.3,0
1766,694,22,1,1444.35,1067.3,0.1
1767,695,4,1,5150.53,3360.05,0.15
1768,696,16,2,4333.94,2488.44,0
1769,696,2,1,4384.11,3285.39,0
1770,696,6,3,8693.21,6696.16,0
1771,696,3,1,21347.64,16855.87,0.05
1772,697,17,2,3871.52,2655.66,0.15
1773,697,18,1,2887.59,1911.48,0.05
1774,697,15,3,772.03,653.32,0.1
1775,697,22,3,1604.83,1067.3,0
1776,698,15,3,814.92,653.32,0.05
1777,698,10,1,7208.28,5504.87,0.15
1778,698,12,3,7376.83,4295.88,0
1779,698,14,3,1174.9,947.5,0.1
1780,699,12,2,7376.83,4295.88,0
1781,700,13,1,558.31,456.02,0.15
1782,700,17,3,4554.73,2655.66,0
